use projekt_zfn;

insert into gatunek(gatunek,rasa) values ('Pies','Owczarek niemiecki');
insert into gatunek(gatunek,rasa) values ('Pies','Labrador retriever');
insert into gatunek(gatunek,rasa) values ('Pies','Yorkshire terier');
insert into gatunek(gatunek,rasa) values ('Pies','Buldog francuski');
insert into gatunek(gatunek,rasa) values ('Pies',null);
insert into gatunek(gatunek,rasa) values ('Kot','Perski');
insert into gatunek(gatunek,rasa) values ('Kot','Syberyjski');
insert into gatunek(gatunek,rasa) values ('Kot','Ragdoll');
insert into gatunek(gatunek,rasa) values ('Kot','Maine Coon');
insert into gatunek(gatunek,rasa) values ('Kot',null);
insert into gatunek(gatunek,rasa) values ('Pies',null);
insert into gatunek(gatunek,rasa) values ('Pies',null);
insert into gatunek(gatunek,rasa) values ('Pies',null);
insert into gatunek(gatunek,rasa) values ('Pies',null);
insert into gatunek(gatunek,rasa) values ('Pies',null);
insert into gatunek(gatunek,rasa) values ('Pies','Husky');
insert into gatunek(gatunek,rasa) values ('Pies','mieszaniec');
insert into gatunek(gatunek,rasa) values ('Pies','mieszaniec');
insert into gatunek(gatunek,rasa) values ('Pies','mieszaniec');

INSERT INTO zwierzaki (zwierzak_id,gatunek_id,data_urodzenia,nazwa,zdjecie,plec,opis) VALUES (1,1,'2013-05-21','Moris','owczarek-niemiecki.jpg','m','Jest bardzo lojalny wzgledem swoich wlascicieli, cechuje sie swietnym zmyslem tropicieli, a takze jest bardzo bystry i posluszny.');
INSERT INTO zwierzaki (zwierzak_id,gatunek_id,data_urodzenia,nazwa,zdjecie,plec,opis) VALUES (2,2,'2008-09-16','Mort','rasa-psa-golden-lablador-retriever.png','m','Jest lagodny, bardzo przepada za dziecmi i lasi sie do kazdego, kogo spotka na ulicy.');
INSERT INTO zwierzaki (zwierzak_id,gatunek_id,data_urodzenia,nazwa,zdjecie,plec,opis) VALUES (3,3,'2009-10-02','Megi','yorkshire-terrier.png','k','To typowa domowa maskotka, mozna zabrac ja ze soba wszedzie. To rowniez stereotypowa psia przylepa, ktora nie odstepuje czlowieka na krok.');
INSERT INTO zwierzaki (zwierzak_id,gatunek_id,data_urodzenia,nazwa,zdjecie,plec,opis) VALUES (4,4,'2016-08-27','Rex','buldog-francuski.png','m','Kocha czlowieka, pieszczoty, bardzo przepada za dziecmi i uwielbia wspolne zabawy.');
INSERT INTO zwierzaki (zwierzak_id,gatunek_id,data_urodzenia,nazwa,zdjecie,plec,opis) VALUES (5,5,'2005-10-02','Brutus','pies.png','m','Bardzo przyjazny i posluszny, zna wiele komend.');
INSERT INTO zwierzaki (zwierzak_id,gatunek_id,data_urodzenia,nazwa,zdjecie,plec,opis) VALUES (6,6,'2019-07-09','Bella','bella.png','k','Bardzo lubi lezec u czlowieka na kolanach.');
INSERT INTO zwierzaki (zwierzak_id,gatunek_id,data_urodzenia,nazwa,zdjecie,plec,opis) VALUES (7,7,'2020-04-28','Borys','kot-syberyjski-na-lace.png','m',NULL);
INSERT INTO zwierzaki (zwierzak_id,gatunek_id,data_urodzenia,nazwa,zdjecie,plec,opis) VALUES (8,8,'2017-06-18','Idefix','Ragdoll.png','m','Grzeczny i przjazny dla ludzi, nie skacze na stoly i robi do kuwety.');
INSERT INTO zwierzaki (zwierzak_id,gatunek_id,data_urodzenia,nazwa,zdjecie,plec,opis) VALUES (9,9,'2020-04-28','Lotus','lotus.png','m',NULL);
INSERT INTO zwierzaki (zwierzak_id,gatunek_id,data_urodzenia,nazwa,zdjecie,plec,opis) VALUES (10,10,'2004-07-30','Wiola','wiola.png','k',NULL);
INSERT INTO zwierzaki (zwierzak_id,gatunek_id,data_urodzenia,nazwa,zdjecie,plec,opis) VALUES (11,11,'2018-08-21','Tom','tom.png','m','Przyjazny, grzeczny i posluszny');
INSERT INTO zwierzaki (zwierzak_id,gatunek_id,data_urodzenia,nazwa,zdjecie,plec,opis) VALUES (12,12,'2010-07-14','Tofik','unnamed.png','m',NULL);
INSERT INTO zwierzaki (zwierzak_id,gatunek_id,data_urodzenia,nazwa,zdjecie,plec,opis) VALUES (13,13,NULL,'Masza','zdjecie.png','k','Bardzo lubi sie przytulac do ludzi oraz zna podstawowe komendy.');
INSERT INTO zwierzaki (zwierzak_id,gatunek_id,data_urodzenia,nazwa,zdjecie,plec,opis) VALUES (14,14,NULL,'Stefa','image.png','k','Straszny zarlok, zrobi wszystko za swoj przysmak!');
INSERT INTO zwierzaki (zwierzak_id,gatunek_id,data_urodzenia,nazwa,zdjecie,plec,opis) VALUES (15,15,NULL,'Aura','aura.png','k','Zywiolowa i bardzo lubi sie bawic.');
INSERT INTO zwierzaki (zwierzak_id,gatunek_id,data_urodzenia,nazwa,zdjecie,plec,opis) VALUES (16,16,NULL,'Ema','ema-3.png','k','Lubi biegac i umie aportowac.');

INSERT INTO opiekun (opiekun_id,nick,imie,nazwisko,haslo,telefon,miasto,ulica,dom,mieszkanie) VALUES (10,'Tala','Natalia','  KoÄ‡','tala',774742156,'Siedlce','SokoÅ‚owska','30',22);
INSERT INTO opiekun (opiekun_id,nick,imie,nazwisko,haslo,telefon,miasto,ulica,dom,mieszkanie) VALUES (11,'Kama','Kamila','Wisniewska','kama',604302156,'Siedlce','Nowy swiat','11',27);
INSERT INTO opiekun (opiekun_id,nick,imie,nazwisko,haslo,telefon,miasto,ulica,dom,mieszkanie) VALUES (12,'Zwierzolub','Krystian','Zbiec','zwierzolub',751326495,'Siedlce','Nowy swiat','11',36);
INSERT INTO opiekun (opiekun_id,nick,imie,nazwisko,haslo,telefon,miasto,ulica,dom,mieszkanie) VALUES (13,'Lubela','Patrycja','Lubelska','lubela',621500310,'Siedlce','Warszawska','65',49);
INSERT INTO opiekun (opiekun_id,nick,imie,nazwisko,haslo,telefon,miasto,ulica,dom,mieszkanie) VALUES (14,'Stefa','Monika','Borzek','stefa',521306200,'Siedlce','Cmentarna','14',0);
INSERT INTO opiekun (opiekun_id,nick,imie,nazwisko,haslo,telefon,miasto,ulica,dom,mieszkanie) VALUES (15,'Olciak','Aleksandra','Lubaszka','olciak',600213547,'Siedlce','Wladyslawa Jagielly','23',70);
INSERT INTO opiekun (opiekun_id,nick,imie,nazwisko,haslo,telefon,miasto,ulica,dom,mieszkanie) VALUES (16,'Kameleon','Damian','Wysocki','kameleon',602302945,'Siedlce','3-maja','43',16);
INSERT INTO opiekun (opiekun_id,nick,imie,nazwisko,haslo,telefon,miasto,ulica,dom,mieszkanie) VALUES (17,'KochamKoty','Filip','Bajura','kochamkoty',792817654,'Siedlce','Henryka Sienkiewicza','43',37);
INSERT INTO opiekun (opiekun_id,nick,imie,nazwisko,haslo,telefon,miasto,ulica,dom,mieszkanie) VALUES (18,'Kociaczek','Wiktoria','Zarankiewicz','kociaczek',777541621,'Siedlce','Sokolowska','63',41);
INSERT INTO opiekun (opiekun_id,nick,imie,nazwisko,haslo,telefon,miasto,ulica,dom,mieszkanie) VALUES (19,'Karlix','Karolina','Pietrasik','karlix',602135448,'Siedlce','Nowy swiat','40',84);
INSERT INTO opiekun (opiekun_id,nick,imie,nazwisko,haslo,telefon,miasto,ulica,dom,mieszkanie) VALUES (20,'Bartek','Bartlomiej','Szklarz','bartek',799500632,'Siedlce','Jozefa Pilsudzkiego','43',36);
INSERT INTO opiekun (opiekun_id,nick,imie,nazwisko,haslo,telefon,miasto,ulica,dom,mieszkanie) VALUES (21,'Niki','Nikola','Wolska','niki',710366924,'Siedlce','Partyzantow','23',0);
INSERT INTO opiekun (opiekun_id,nick,imie,nazwisko,haslo,telefon,miasto,ulica,dom,mieszkanie) VALUES (22,'Danon','Daniel','Wojewodzki','danon',521699340,'Siedlce','Monte Cassino','30',48);
INSERT INTO opiekun (opiekun_id,nick,imie,nazwisko,haslo,telefon,miasto,ulica,dom,mieszkanie) VALUES (23,'Krycu','Krzysztof','Kubicki','krycu',633200514,'Siedlce','Wladyslawa Jagielly','25',83);
INSERT INTO opiekun (opiekun_id,nick,imie,nazwisko,haslo,telefon,miasto,ulica,dom,mieszkanie) VALUES (24,'Rita','Rita','Krawczyk','rita',678219400,'Siedlce','Rynkowa','15',26);
INSERT INTO opiekun (opiekun_id,nick,imie,nazwisko,haslo,telefon,miasto,ulica,dom,mieszkanie) VALUES (25,'Popek','Piotr','Stolarczyk','popek',632421974,'Siedlce','Rynkowa','15',82);
INSERT INTO opiekun (opiekun_id,nick,imie,nazwisko,haslo,telefon,miasto,ulica,dom,mieszkanie) VALUES (26,'bobski','Przemek','Bobrzynski','bobski',710493900,'Siedlce','Nowy swiat','40',57);
INSERT INTO opiekun (opiekun_id,nick,imie,nazwisko,haslo,telefon,miasto,ulica,dom,mieszkanie) VALUES (27,'Gabka','Grzegorz','Sitkowski','gabka',601101947,'Siedlce','Wladyslawa Jagielly','21',30);
INSERT INTO opiekun (opiekun_id,nick,imie,nazwisko,haslo,telefon,miasto,ulica,dom,mieszkanie) VALUES (28,'Strefan','Stefan','Kolkowicz','strefan',621914700,'Siedlce','Jana III Sobieskiego','4',63);
INSERT INTO opiekun (opiekun_id,nick,imie,nazwisko,haslo,telefon,miasto,ulica,dom,mieszkanie) VALUES (29,'MAti','Mateusz','Rytel','mati',719300541,'Siedlce','Sokolowska','44',70);
INSERT INTO opiekun (opiekun_id,nick,imie,nazwisko,haslo,telefon,miasto,ulica,dom,mieszkanie) VALUES (31,'Micz','Maria','Czaplik','micz',606312914,'Siedlce','Bolesława Chrobrego','2',37);
INSERT INTO opiekun (opiekun_id,nick,imie,nazwisko,haslo,telefon,miasto,ulica,dom,mieszkanie) VALUES (39,'Pam','Pamela','Dikson','pam',632600415,'Siedlce','BolesÅ‚awa Chrobrego','8',32);

INSERT INTO opiekun_zwierze (opiekun_id,zwierzak_id) VALUES (10,1);
INSERT INTO opiekun_zwierze (opiekun_id,zwierzak_id) VALUES (10,2);
INSERT INTO opiekun_zwierze (opiekun_id,zwierzak_id) VALUES (11,3);
INSERT INTO opiekun_zwierze (opiekun_id,zwierzak_id) VALUES (12,4);
INSERT INTO opiekun_zwierze (opiekun_id,zwierzak_id) VALUES (13,5);
INSERT INTO opiekun_zwierze (opiekun_id,zwierzak_id) VALUES (14,6);
INSERT INTO opiekun_zwierze (opiekun_id,zwierzak_id) VALUES (15,7);
INSERT INTO opiekun_zwierze (opiekun_id,zwierzak_id) VALUES (16,8);
INSERT INTO opiekun_zwierze (opiekun_id,zwierzak_id) VALUES (17,9);
INSERT INTO opiekun_zwierze (opiekun_id,zwierzak_id) VALUES (19,11);
INSERT INTO opiekun_zwierze (opiekun_id,zwierzak_id) VALUES (20,12);
INSERT INTO opiekun_zwierze (opiekun_id,zwierzak_id) VALUES (20,13);
INSERT INTO opiekun_zwierze (opiekun_id,zwierzak_id) VALUES (21,14);
INSERT INTO opiekun_zwierze (opiekun_id,zwierzak_id) VALUES (22,15);
INSERT INTO opiekun_zwierze (opiekun_id,zwierzak_id) VALUES (23,16);

INSERT INTO uslugi (usluga_id,zwierzak_id,wlasciciel_id,opiekun_id,nazwa_uslugi,cena,usluga_start,usluga_stop) VALUES (1,1,10,20,'czasowe przechowywanie zwierzat',120,'2020-05-21 16:00:00','2020-05-23 16:00:00');
INSERT INTO uslugi (usluga_id,zwierzak_id,wlasciciel_id,opiekun_id,nazwa_uslugi,cena,usluga_start,usluga_stop) VALUES (2,2,15,24,'opieka nad zwierzakiem w miejscu zamieszkania',100,'2020-05-21 16:00:00','2020-05-23 16:00:00');
INSERT INTO uslugi (usluga_id,zwierzak_id,wlasciciel_id,opiekun_id,nazwa_uslugi,cena,usluga_start,usluga_stop) VALUES (3,3,11,21,'wyprowadzanie zwierzat',10,'2020-06-08 08:00:00','2020-06-08 08:30:00');
INSERT INTO uslugi (usluga_id,zwierzak_id,wlasciciel_id,opiekun_id,nazwa_uslugi,cena,usluga_start,usluga_stop) VALUES (4,4,12,22,'opieka nad zwierzakiem w miejscu zamieszkania',50,'2020-06-10 08:00:00','2020-06-11 08:00:00');
INSERT INTO uslugi (usluga_id,zwierzak_id,wlasciciel_id,opiekun_id,nazwa_uslugi,cena,usluga_start,usluga_stop) VALUES (5,5,13,23,'wyprowadzanie zwierzat',10,'2020-06-02 07:00:00','2020-06-02 07:30:00');
INSERT INTO uslugi (usluga_id,zwierzak_id,wlasciciel_id,opiekun_id,nazwa_uslugi,cena,usluga_start,usluga_stop) VALUES (6,6,14,24,'wyprowadzanie zwierzat',12,'2020-06-02 08:00:00','2020-06-02 09:00:00');
INSERT INTO uslugi (usluga_id,zwierzak_id,wlasciciel_id,opiekun_id,nazwa_uslugi,cena,usluga_start,usluga_stop) VALUES (7,7,15,24,'wyprowadzanie zwierzat',15,'2020-04-26 18:00:00','2020-04-26 19:30:00');
INSERT INTO uslugi (usluga_id,zwierzak_id,wlasciciel_id,opiekun_id,nazwa_uslugi,cena,usluga_start,usluga_stop) VALUES (8,8,16,25,'wyprowadzanie zwierzat',15,'2020-04-26 18:00:00','2020-04-26 19:30:00');
INSERT INTO uslugi (usluga_id,zwierzak_id,wlasciciel_id,opiekun_id,nazwa_uslugi,cena,usluga_start,usluga_stop) VALUES (9,9,17,26,'wyprowadzanie zwierzat',12,'2020-03-29 17:30:00','2020-03-29 18:30:00');
INSERT INTO uslugi (usluga_id,zwierzak_id,wlasciciel_id,opiekun_id,nazwa_uslugi,cena,usluga_start,usluga_stop) VALUES (10,10,18,27,'wyprowadzanie zwierzat',12,'2020-03-29 17:30:00','2020-03-29 18:30:00');
INSERT INTO uslugi (usluga_id,zwierzak_id,wlasciciel_id,opiekun_id,nazwa_uslugi,cena,usluga_start,usluga_stop) VALUES (11,11,19,28,'opieka nad zwierzakiem w miejscu zamieszkania',100,'2020-04-22 08:00:00','2020-04-24 08:00:00');
INSERT INTO uslugi (usluga_id,zwierzak_id,wlasciciel_id,opiekun_id,nazwa_uslugi,cena,usluga_start,usluga_stop) VALUES (12,12,20,26,'wyprowadzanie zwierzat',10,'2020-04-12 09:00:00','2020-04-12 09:30:00');
INSERT INTO uslugi (usluga_id,zwierzak_id,wlasciciel_id,opiekun_id,nazwa_uslugi,cena,usluga_start,usluga_stop) VALUES (13,13,20,29,'wyprowadzanie zwierzat',12,'2020-06-06 08:00:00','2020-06-06 09:00:00');
INSERT INTO uslugi (usluga_id,zwierzak_id,wlasciciel_id,opiekun_id,nazwa_uslugi,cena,usluga_start,usluga_stop) VALUES (14,14,21,31,'czasowe przechowywanie zwierzat',120,'2020-03-27 14:00:00','2020-03-29 14:00:00');
INSERT INTO uslugi (usluga_id,zwierzak_id,wlasciciel_id,opiekun_id,nazwa_uslugi,cena,usluga_start,usluga_stop) VALUES (15,15,22,39,'opieka nad zwierzakiem w miejscu zamieszkania',50,'2020-06-20 12:00:00','2020-06-21 12:00:00');
INSERT INTO uslugi (usluga_id,zwierzak_id,wlasciciel_id,opiekun_id,nazwa_uslugi,cena,usluga_start,usluga_stop) VALUES (16,16,23,29,'wyprowadzanie zwierzat',15,'2020-05-13 17:00:00','2020-05-13 18:30:00');
INSERT INTO uslugi (usluga_id,zwierzak_id,wlasciciel_id,opiekun_id,nazwa_uslugi,cena,usluga_start,usluga_stop) VALUES (17,1,10,11,'wyprowadzanie zwierzat',12,'2020-06-06 08:00:00','2020-06-06 09:00:00');
INSERT INTO uslugi (usluga_id,zwierzak_id,wlasciciel_id,opiekun_id,nazwa_uslugi,cena,usluga_start,usluga_stop) VALUES (18,2,10,NULL,'wyprowadzanie zwierzat',15,'2020-06-26 18:00:00','2020-06-26 19:30:00');
INSERT INTO uslugi (usluga_id,zwierzak_id,wlasciciel_id,opiekun_id,nazwa_uslugi,cena,usluga_start,usluga_stop) VALUES (19,3,11,NULL,'wyprowadzanie zwierzat',10,'2020-07-16 08:00:00','2020-07-16 08:30:00');
INSERT INTO uslugi (usluga_id,zwierzak_id,wlasciciel_id,opiekun_id,nazwa_uslugi,cena,usluga_start,usluga_stop) VALUES (20,4,12,14,'wyprowadzanie zwierzat',12,'2020-06-21 16:00:00','2020-06-21 17:00:00');
INSERT INTO uslugi (usluga_id,zwierzak_id,wlasciciel_id,opiekun_id,nazwa_uslugi,cena,usluga_start,usluga_stop) VALUES (21,5,13,NULL,'wyprowadzanie zwierzat',12,'2020-07-10 08:00:00','2020-07-10 09:00:00');
INSERT INTO uslugi (usluga_id,zwierzak_id,wlasciciel_id,opiekun_id,nazwa_uslugi,cena,usluga_start,usluga_stop) VALUES (22,6,14,NULL,'wyprowadzanie zwierzat',15,'2020-06-27 14:00:00','2020-06-27 15:30:00');
INSERT INTO uslugi (usluga_id,zwierzak_id,wlasciciel_id,opiekun_id,nazwa_uslugi,cena,usluga_start,usluga_stop) VALUES (23,7,15,10,'wyprowadzanie zwierzat',12,'2020-07-26 18:00:00','2020-07-26 19:00:00');
INSERT INTO uslugi (usluga_id,zwierzak_id,wlasciciel_id,opiekun_id,nazwa_uslugi,cena,usluga_start,usluga_stop) VALUES (24,8,16,10,'wyprowadzanie zwierzat',10,'2020-06-18 08:00:00','2020-06-18 08:30:00');
INSERT INTO uslugi (usluga_id,zwierzak_id,wlasciciel_id,opiekun_id,nazwa_uslugi,cena,usluga_start,usluga_stop) VALUES (25,9,17,NULL,'wyprowadzanie zwierzat',10,'2020-06-16 08:00:00','2020-06-16 08:30:00');
INSERT INTO uslugi (usluga_id,zwierzak_id,wlasciciel_id,opiekun_id,nazwa_uslugi,cena,usluga_start,usluga_stop) VALUES (26,11,19,NULL,'wyprowadzanie zwierzat',10,'2020-06-18 08:00:00','2020-06-18 08:30:00');
INSERT INTO uslugi (usluga_id,zwierzak_id,wlasciciel_id,opiekun_id,nazwa_uslugi,cena,usluga_start,usluga_stop) VALUES (27,12,20,NULL,'wyprowadzanie zwierzat',12,'2020-06-21 16:00:00','2020-06-21 17:00:00');
INSERT INTO uslugi (usluga_id,zwierzak_id,wlasciciel_id,opiekun_id,nazwa_uslugi,cena,usluga_start,usluga_stop) VALUES (28,13,20,NULL,'wyprowadzanie zwierzat',10,'2020-07-10 08:00:00','2020-07-10 08:30:00');
INSERT INTO uslugi (usluga_id,zwierzak_id,wlasciciel_id,opiekun_id,nazwa_uslugi,cena,usluga_start,usluga_stop) VALUES (29,14,21,20,'wyprowadzanie zwierzat',12,'2020-06-26 18:00:00','2020-06-26 19:00:00');
INSERT INTO uslugi (usluga_id,zwierzak_id,wlasciciel_id,opiekun_id,nazwa_uslugi,cena,usluga_start,usluga_stop) VALUES (30,15,22,NULL,'wyprowadzanie zwierzat',15,'2020-06-27 14:00:00','2020-06-27 15:30:00');
INSERT INTO uslugi (usluga_id,zwierzak_id,wlasciciel_id,opiekun_id,nazwa_uslugi,cena,usluga_start,usluga_stop) VALUES (31,16,23,29,'wyprowadzanie zwierzat',10,'2020-07-10 08:00:00','2020-07-10 08:30:00');
INSERT INTO uslugi (usluga_id,zwierzak_id,wlasciciel_id,opiekun_id,nazwa_uslugi,cena,usluga_start,usluga_stop) VALUES (32,2,10,NULL,'Wprowadzanie zwierzÄ…t',16,'2020-06-18 18:30:00','2020-06-18 20:00:00');
INSERT INTO uslugi (usluga_id,zwierzak_id,wlasciciel_id,opiekun_id,nazwa_uslugi,cena,usluga_start,usluga_stop) VALUES (33,1,10,NULL,'Wprowadzanie zwierzÄ…t',12,'2020-06-20 18:30:00','2020-06-20 19:30:00');

INSERT INTO ocena (ocena_id,usluga_id,ocena) VALUES (1,1,4);
INSERT INTO ocena (ocena_id,usluga_id,ocena) VALUES (2,2,5);
INSERT INTO ocena (ocena_id,usluga_id,ocena) VALUES (3,3,5);
INSERT INTO ocena (ocena_id,usluga_id,ocena) VALUES (4,4,5);
INSERT INTO ocena (ocena_id,usluga_id,ocena) VALUES (5,5,4);
INSERT INTO ocena (ocena_id,usluga_id,ocena) VALUES (6,6,5);
INSERT INTO ocena (ocena_id,usluga_id,ocena) VALUES (7,7,3);
INSERT INTO ocena (ocena_id,usluga_id,ocena) VALUES (8,8,4);
INSERT INTO ocena (ocena_id,usluga_id,ocena) VALUES (9,9,5);
INSERT INTO ocena (ocena_id,usluga_id,ocena) VALUES (10,10,3);
INSERT INTO ocena (ocena_id,usluga_id,ocena) VALUES (11,11,4);
INSERT INTO ocena (ocena_id,usluga_id,ocena) VALUES (12,12,5);
INSERT INTO ocena (ocena_id,usluga_id,ocena) VALUES (13,13,4);
INSERT INTO ocena (ocena_id,usluga_id,ocena) VALUES (14,14,3);
INSERT INTO ocena (ocena_id,usluga_id,ocena) VALUES (15,15,4);
INSERT INTO ocena (ocena_id,usluga_id,ocena) VALUES (16,16,4);
INSERT INTO ocena (ocena_id,usluga_id,ocena) VALUES (17,17,5);
INSERT INTO ocena (ocena_id,usluga_id,ocena) VALUES (18,20,5);
INSERT INTO ocena (ocena_id,usluga_id,ocena) VALUES (19,23,4);
INSERT INTO ocena (ocena_id,usluga_id,ocena) VALUES (20,31,5);

INSERT INTO oferty (oferty_id,o_wlasciciel_id,o_opiekun_id,o_usluga_id,wiadomosc,stan_oferty) VALUES (1,15,21,23,NULL,'oczekuje na akceptacje');
INSERT INTO oferty (oferty_id,o_wlasciciel_id,o_opiekun_id,o_usluga_id,wiadomosc,stan_oferty) VALUES (7,15,20,23,'','oczekuje na akceptacje');
INSERT INTO oferty (oferty_id,o_wlasciciel_id,o_opiekun_id,o_usluga_id,wiadomosc,stan_oferty) VALUES (8,17,20,25,'','oczekuje na akceptacje');
INSERT INTO oferty (oferty_id,o_wlasciciel_id,o_opiekun_id,o_usluga_id,wiadomosc,stan_oferty) VALUES (9,10,23,17,'','odrzucone');
INSERT INTO oferty (oferty_id,o_wlasciciel_id,o_opiekun_id,o_usluga_id,wiadomosc,stan_oferty) VALUES (11,19,13,26,'Bardzo chÄ™tnie wyprowadzÄ™ na spacer tego uroczego psiaka','oczekuje na akceptacje');
INSERT INTO oferty (oferty_id,o_wlasciciel_id,o_opiekun_id,o_usluga_id,wiadomosc,stan_oferty) VALUES (12,16,25,24,'','oczekuje na akceptacje');
INSERT INTO oferty (oferty_id,o_wlasciciel_id,o_opiekun_id,o_usluga_id,wiadomosc,stan_oferty) VALUES (13,12,25,20,'','oczekuje na akceptacje');
INSERT INTO oferty (oferty_id,o_wlasciciel_id,o_opiekun_id,o_usluga_id,wiadomosc,stan_oferty) VALUES (14,20,25,28,'','zrezygnowano');
INSERT INTO oferty (oferty_id,o_wlasciciel_id,o_opiekun_id,o_usluga_id,wiadomosc,stan_oferty) VALUES (17,20,19,27,'','oczekuje na akceptacje');
INSERT INTO oferty (oferty_id,o_wlasciciel_id,o_opiekun_id,o_usluga_id,wiadomosc,stan_oferty) VALUES (18,12,14,20,'','zatwierdzone');
INSERT INTO oferty (oferty_id,o_wlasciciel_id,o_opiekun_id,o_usluga_id,wiadomosc,stan_oferty) VALUES (19,10,11,17,'','zatwierdzone');
INSERT INTO oferty (oferty_id,o_wlasciciel_id,o_opiekun_id,o_usluga_id,wiadomosc,stan_oferty) VALUES (20,17,19,25,'','oczekuje na akceptacje');
INSERT INTO oferty (oferty_id,o_wlasciciel_id,o_opiekun_id,o_usluga_id,wiadomosc,stan_oferty) VALUES (21,14,20,22,'ChcÄ™ tÄ™ ofertÄ™!','oczekuje na akceptacje');
INSERT INTO oferty (oferty_id,o_wlasciciel_id,o_opiekun_id,o_usluga_id,wiadomosc,stan_oferty) VALUES (22,11,14,19,'','oczekuje na akceptacje');
INSERT INTO oferty (oferty_id,o_wlasciciel_id,o_opiekun_id,o_usluga_id,wiadomosc,stan_oferty) VALUES (23,19,14,26,'','oczekuje na akceptacje');
INSERT INTO oferty (oferty_id,o_wlasciciel_id,o_opiekun_id,o_usluga_id,wiadomosc,stan_oferty) VALUES (24,10,14,18,'','zrezygnowano');
INSERT INTO oferty (oferty_id,o_wlasciciel_id,o_opiekun_id,o_usluga_id,wiadomosc,stan_oferty) VALUES (25,22,10,30,'','oczekuje na akceptacje');
INSERT INTO oferty (oferty_id,o_wlasciciel_id,o_opiekun_id,o_usluga_id,wiadomosc,stan_oferty) VALUES (26,20,39,27,'Åšliczny piesek! ','oczekuje na akceptacje');
INSERT INTO oferty (oferty_id,o_wlasciciel_id,o_opiekun_id,o_usluga_id,wiadomosc,stan_oferty) VALUES (27,13,10,21,'','oczekuje na akceptacje');
INSERT INTO oferty (oferty_id,o_wlasciciel_id,o_opiekun_id,o_usluga_id,wiadomosc,stan_oferty) VALUES (28,21,20,29,'','zatwierdzone');
INSERT INTO oferty (oferty_id,o_wlasciciel_id,o_opiekun_id,o_usluga_id,wiadomosc,stan_oferty) VALUES (29,13,21,21,'','oczekuje na akceptacje');
INSERT INTO oferty (oferty_id,o_wlasciciel_id,o_opiekun_id,o_usluga_id,wiadomosc,stan_oferty) VALUES (30,16,10,24,'','zatwierdzone');